km,price
240000,3650
139800,3800
150500,4400
185530,4450
176000,5250
114800,5350
166800,5800
89000,5990
144500,5999
84000,6200
82029,6390
63060,6390
74000,6600
97500,6800
67000,6800
76025,6900
48235,6900
93000,6990
60949,7490
65674,7555
54000,7990
68500,7990
22899,7990
61789,8290
60619,7175
77425,7842
151760,5749
15000,9000
81565,6705
129169,4855
142979,3793
239022,3077
146215,4802
213680,3279
130542,6135
164693,5273
192885,4932
104201,7375
158426,3283
92678,6943
84410,5767
36268,8347
144005,3752
125195,5395
38887,8850
57584,7792
111523,6282
181096,5918
165328,4771
38180,6961
43899,7785
65532,7860
123525,6118
156534,6412
75809,7097
210302,4034
63812,7075
84271,6745
62779,6582
103605,6208
151625,5004
148257,5387
164098,5738
94637,6063
192346,4447
17220,7165
99071,5861
111412,4541
160935,5853
182528,4903
161571,3201
73937,7442
79818,6292
65513,7464
210693,4689
58857,6350
65955,7545
15000,8125
55072,6531
143509,4913
142653,7028
28868,7983
66741,7063
26352,9000
125959,4561
49481,7361
206716,4364
136705,3664
141093,5986
130451,6283
82529,8000
209819,3800
40433,7602
168957,5926
235387,3455
177477,4937
104026,6202
59840,7366
66234,6906
165593,5640
59404,7898
26138,7632
102627,7026
112265,6057
48060,6641
33185,7197
63521,7298
100604,6524
101581,5681
117194,5436
59926,8506
83609,6792
105732,7716
49088,8062
100217,6281
157437,4538
15000,8276
102275,5729
158356,6046
178879,4092
60306,7825
94414,6274
72185,6180
57408,8453
27368,8634
228249,3157
73031,6539
98859,7239
75304,7826
210418,4546
107284,6895
84916,6881
83554,7700
72696,6790
44376,7364
165146,4523
51997,7600
207721,4247
106654,5801
64255,7324
119042,6131
177610,4077
113532,6892
117579,6417
60371,7583
85459,5967
112225,6222
112049,7137
183613,5528
110192,7076
115618,6785
27701,7359
70242,6806
91808,5749
123416,5422
193353,3781
16359,7312
87649,6360
22287,7183
203925,4428
84445,7522
16720,7882
95332,6692
44720,7241
15000,8548
15000,7536
190243,4585
88780,6737
73451,6464
100315,6339
81921,6949
15000,8712
15000,8784
107735,5614
127328,5142
62438,8323
15000,8603
133530,4683
29660,8286
28407,8866
33512,7477
45847,7129
73945,6363
136797,4103
169895,6294
96865,6398
204089,4738
125149,6666
84372,5832
71643,6379
15000,8580
170100,5321
131688,6047
118503,6541
74427,6350
129411,5130
126928,4862
207810,3886
166370,6049
36459,6896
82610,5975
69072,7862
134484,5882
81406,7761
79402,6989
218592,3948
69075,7054
172964,5005
61033,8506
140532,5800
17214,7325
123447,5054
100038,5801
132867,5176
163345,3355
82417,7970
85318,5751
96368,7590
216962,5107
139416,5846
260000,3054
66623,6811
146945,5499
139638,3822
74913,7441
115139,5623
70274,6886
59949,6412
131591,5692
87187,6721
137423,5528
139425,6062
30629,8214
124496,6978
196732,5433
43183,6898
120680,4594
248362,3759
138936,5479
42478,7520
128854,5744
228088,3892
178920,3939
155263,4751
36857,6767
255928,3000
152452,4742
96250,7101
192439,4579
79336,6413
131961,4501
89566,5721
136503,4970
96482,6827
34959,8703
82122,6971
92511,5093
95239,6440
124980,6245
71121,6499
243959,3181
200325,3413
199446,4176
260000,3000
123682,6726
97760,7389
79622,6096
21266,9000
97842,6788
171645,4861
